	word1	word2	hss
0	rootage	penny-pinching	0.8520718797066757
1	homecoming	ejaculate	0.36407864118688726
2	CORE	defroster	0.7726189395208964
3	emissary	corps	0.0
4	revivalist	Crosby	1.0815506406396596
5	pet-food	Ultracef	1.5163503011071118
6	ternion	biochemist	0.0
7	buckwheat	blacklist	0.0
8	weeknight	Adlumia	0.36407864118688726
9	ragpicker	Skuld	0.0
